<?xml version="1.0" encoding="UTF-8"?>
<!DOCTYPE mapper PUBLIC "-//mybatis.org//DTD Mapper 3.0//EN"
	"http://mybatis.org/dtd/mybatis-3-mapper.dtd">
<mapper namespace="com.hm.gongbang.dao.MemberDao">
	
	<!-- 비번 구하기 -->	
	<select id="loginProc" parameterType="String" resultType="com.hm.gongbang.dto.Mw_viewDto">
		SELECT * FROM mw_view WHERE id=#{mw_id}
	</select>
	
	<!-- 아이디 중복확인 -->
	<select id="idCheck" parameterType="String" resultType="Integer">
		SELECT COUNT(*) FROM mw_view WHERE id=#{id}
	</select>
	
	<!-- 일반 회원 가입 -->
	<insert id="memberJoinProc" parameterType="com.hm.gongbang.dto.MemberDto">
		INSERT INTO m VALUES <!-- 기본이되는 쿼리 --> 
		(#{m_id}, #{m_pwd}, #{m_name}, #{m_email}, #{m_addr}, #{m_gender}, #{m_birth}, DEFAULT, DEFAULT, DEFAULT, DEFAULT)
	</insert>
	
	<select id="getBasket" parameterType="String" resultType="com.hm.gongbang.dto.Shopping_BasketDto">
		SELECT * FROM sb WHERE m_id=#{m_id}
	</select>
</mapper>