<?xml version="1.0" encoding="UTF-8"?>
<!DOCTYPE mapper PUBLIC "-//mybatis.org//DTD Mapper 3.0//EN"
	"http://mybatis.org/dtd/mybatis-3-mapper.dtd">
<mapper namespace="com.hm.gongbang.dao.MyDao">

	<select id="memberInfo" parameterType="String"
		resultType="com.hm.gongbang.dto.MemberDto">
		SELECT * FROM M WHERE M_ID=#{m_id}
		<!-- m테이블에 M_ID컬럼이 m_id와 같은 정보를 모두 가져오겠다 -->
	</select>
	
	<select id="receptList" parameterType="String"
		resultType="com.hm.gongbang.dto.ReceptDto">
		SELECT * FROM R WHERE M_ID=#{m_id} AND R_DCONDITION='배송중' OR R_DCONDITION='배송완료'
	</select>
	
	<select id="saving_pointInfo" parameterType="String"
		resultType="com.hm.gongbang.dto.Saving_PointDto">
		SELECT * FROM PT WHERE M_ID=#{m_id}
	</select>
	
	<select id="couponInfo" parameterType="String"
		resultType="com.hm.gongbang.dto.CouponDto">
		SELECT * FROM C WHERE M_ID=#{m_id}
	</select>
	
	<select id="questionInfo" parameterType="String"
		resultType="Integer">
		SELECT COUNT (*) FROM Q WHERE M_ID=#{m_id}
	</select> 
	
	<select id="Pi_viewInfo" parameterType="String"
		resultType="com.hm.gongbang.dto.Pi_viewDto">
		SELECT * FROM pi_view WHERE M_ID=#{m_id}
	</select>
	
		<!-- 회원 정보 수정하기 -->
	<update id="m_InfoFix"
		parameterType="com.hm.gongbang.dto.MemberDto">
	UPDATE MEMBER
	SET
		 M_PWD = #{m_pwd}
		,M_EMAIL = #{m_email}
		,M_GENDER = #{m_gender}
		,M_BIRTH = #{m_birth}
	WHERE M_ID = #{m_id}

	</update>
	
	<select id="receptCList" parameterType="String"
		resultType="com.hm.gongbang.dto.ReceptDto">
		SELECT * FROM R WHERE M_ID=#{m_id} AND R_DCONDITION='취소'
	</select>
	
</mapper>