<?xml version="1.0" encoding="UTF-8"?>
<!DOCTYPE mapper PUBLIC "-//mybatis.org//DTD Mapper 3.0//EN"
	"http://mybatis.org/dtd/mybatis-3-mapper.dtd">
<mapper namespace="com.hm.gongbang.dao.W_InfoDao">

	<!-- 작가 정보 가져오기 -->
	<select id="w_AtPrivateInfo" parameterType="String"
		resultType="com.hm.gongbang.dto.W_InfoDto">
		SELECT * FROM W_INFO WHERE W_ID=#{w_id}
	</select>

	<!-- 작가 정보 수정하기 -->
	<update id="w_AtPrivateInfoFix"
		parameterType="com.hm.gongbang.dto.W_InfoDto">
	UPDATE WRITER
	SET
		 W_ID = #{w_id}
		,W_PWD = #{w_pwd}
		,W_PHONENUM = #{w_phonenum}
		,W_EMAIL = #{w_email}
		,W_COMPANYNUM = #{w_companynum}
		,W_GENDER = #{w_gender}
		,W_BIRTH = #{w_birth}
		,W_ACCOUNT = #{w_account}
		,W_ADDR = #{w_addr}
	WHERE W_ID = #{w_id}
	
	</update>	
	
	<!--    작가정보수정2    -->
	
	  <update id="w_AtPrivateInfoFix2" 
		parameterType="String">
	UPDATE WRITER_HOME
	SET
		WH_GBNAME = #{wh_gbname}
	WHERE W_ID = #{w_id}

	</update> 
	
	
	
	<!-- 작가 회원 가입 -->
	<insert id="writerJoinProc" parameterType="com.hm.gongbang.dto.WriterDto">
		INSERT INTO w VALUES <!-- 기본이되는 쿼리 --> 
		(#{w_id}, #{w_pwd}, #{w_phonenum}, #{w_email}, #{w_companynum}, #{w_gender}, #{w_birth}, #{w_account}, DEFAULT, DEFAULT, #{w_addr})
	</insert>

</mapper>