<?xml version="1.0" encoding="UTF-8"?>
<!DOCTYPE mapper PUBLIC "-//mybatis.org//DTD Mapper 3.0//EN"
	"http://mybatis.org/dtd/mybatis-3-mapper.dtd">

<mapper namespace="com.jip.db02.dao.MemberDao">
	<!-- 회원 가입 -->
	<insert id="memberInsert"
		parameterType="com.jip.db02.dto.MemberDto">
		INSERT INTO mt VALUES 
		(#{m_id}, #{m_name}, #{m_pass}, #{m_phone})
	</insert>
	<!-- 비번 구하기 -->
	<select id="selectPass" parameterType="String"
		resultType="String">
		SELECT m_pass FROM mt WHERE m_id=#{id}
	</select>
	<!-- 회원 정보 구하기 -->
	<select id="selectMemberInfo" parameterType="String"
		resultType="com.jip.db02.dto.MemberDto">
		SELECT * FROM mt WHERE m_id=#{id}
	</select>
	<!-- 회원 정보 수정하기 -->
	<select id="memberUpdate"
		parameterType="com.jip.db02.dto.MemberDto">
		UPDATE mt SET m_pass=#{m_pass}, m_name=#{m_name}, m_phone=#{m_phone}
		WHERE m_id=#{m_id}
	</select>
	<!-- 회원 정보 삭제 -->
	<delete id="memberDelete" parameterType="String">
		DELETE FROM mt WHERE m_id=#{id}
	</delete>
	
</mapper>







