<?xml version="1.0" encoding="UTF-8"?>
<beans:beans xmlns="http://www.springframework.org/schema/mvc"
	xmlns:xsi="http://www.w3.org/2001/XMLSchema-instance"
	xmlns:beans="http://www.springframework.org/schema/beans"
	xmlns:context="http://www.springframework.org/schema/context"
	xsi:schemaLocation="http://www.springframework.org/schema/mvc https://www.springframework.org/schema/mvc/spring-mvc.xsd
		http://www.springframework.org/schema/beans https://www.springframework.org/schema/beans/spring-beans.xsd
		http://www.springframework.org/schema/context https://www.springframework.org/schema/context/spring-context.xsd">

	<!-- DispatcherServlet Context: defines this servlet's request-processing infrastructure -->
	
	<!-- Enables the Spring MVC @Controller programming model -->
	<annotation-driven />

	<!-- Handles HTTP GET requests for /resources/** by efficiently serving up static resources in the ${webappRoot}/resources directory -->
	<resources mapping="/resources/**" location="/resources/" />

	<!-- Resolves views selected for rendering by @Controllers to .jsp resources in the /WEB-INF/views directory -->
	<beans:bean class="org.springframework.web.servlet.view.InternalResourceViewResolver">
		<beans:property name="prefix" value="/WEB-INF/views/" />
		<beans:property name="suffix" value=".jsp" />
	</beans:bean>
	
	<context:component-scan base-package="com.webandapp.board" />
	
	<!-- 파일업로드용 객체 multipartResolver -->
	<!-- size 단위는 byte, 현재 설정은 10Mb -->
	<beans:bean id="multipartResolver" 
		class="org.springframework.web.multipart.commons.CommonsMultipartResolver">
		<beans:property name="defaultEncoding" value="UTF-8"></beans:property>
		<beans:property name="maxUploadSize" value="10000000"></beans:property>
		<beans:property name="maxInMemorySize" value="10000000"></beans:property>
	</beans:bean>
	
	<!-- 로그아웃 -->
	<interceptors>
		<interceptor>
			<!-- 모든 요청을 컨트롤러 가기전에 가로챔 -->
			<mapping path="/**"/><!-- ** : 전체 다 -->
			
			<!-- 가로채기를 제외할 URI -->
			<exclude-mapping path="/"/><!-- 첫페이지는 인터셉터 제외(must) -->
			<exclude-mapping path="/joinFrm"/>
			<exclude-mapping path="/idCheck"/>
			<exclude-mapping path="/memInsert"/>
			<exclude-mapping path="/loginFrm"/>
			<exclude-mapping path="/loginProc"/>
			<!-- 이미지, 자바스크립트, CSS가 적용되지 않는다면 다음을 추가 -->
			<exclude-mapping path="/resources/**"/>
			
			<!-- 가로챘을 때 처리할 클래스 지정 -->
			<beans:bean class="com.webandapp.board.util.SessionInterceptor"/>
		</interceptor>
	</interceptors>
	
</beans:beans>
