<?xml version="1.0" encoding="UTF-8"?>
<!DOCTYPE mapper PUBLIC "-//mybatis.org//DTD Mapper 3.0//EN"
	"http://mybatis.org/dtd/mybatis-3-mapper.dtd">
	
<mapper namespace="com.webandapp.board.dao.MemberDao">

	<insert id="memInsert" parameterType="com.webandapp.board.dto.MemberDto">
		INSERT INTO M VALUES
		(#{m_id}, #{m_pwd}, #{m_name}, 
		#{m_birth}, #{m_addr}, #{m_phone}, DEFAULT)
	</insert>
	
	<select id="idCheck" parameterType="String" resultType="Integer">
		SELECT COUNT(*) FROM M WHERE M_ID=#{mid}
	</select>
	
	<select id="selectPwd" parameterType="String"
		resultType="String">
		SELECT m_pwd FROM M WHERE m_id=#{m_id}
	</select>
	
	<select id="memberSelect" parameterType="String"
		resultType="com.webandapp.board.dto.MemberDto">
		SELECT * FROM MINFO WHERE m_id=#{m_id} 	
	</select>
</mapper>
	